"","Name","Price","Ratings","No_of_Reviews"
"1","The Drop Women's Avalon Small Tote Bag  ","£14.54£14.54","4.1 out of 5 stars","4,558"
"2","Harry Potter Railway-Fashion Backpack  ","£37.45£37.45","4.5 out of 5 stars","438"
"3","Targus Laptop Backpack, Lightweight with 20L Capacity, Multi-pocket, Padded Compartment Fits Laptops up to 16"" - Black (CN600)  ","£23.47£23.47 RRP: £31.22£31.22","4.6 out of 5 stars","4,006"
"4","Victorinox 611753 Spectra 3.0 Exp. Global Carry-On Bag Unisex Black  ","","5.0 out of 5 stars","2"
"5","Amazon Basics Compact Laptop Shoulder Bag Carrying Case with Padded Strap and Zippered Accessory Pocket, 1-Pack, 39.6 cm, Black  ","£18.94£18.94","4.7 out of 5 stars","52,413"
"6","EASTPAK Unisex The One Crossbody Bag  ","£18.00£18.00","4.5 out of 5 stars","17,441"
"7","PUMA Unisex Teamgoal 23 Backpack Core Backpack (pack of 1)  ","£15.85£15.85","4.5 out of 5 stars","4,230"
"8","Weekend Bag, Overnight Bag Carry on Bag Holdalls Travel Bag for Women Gym Waterproof Weekender Tote Bag (Pink)  ","£7.99£7.99 (£2.66£2.66/count)","4.5 out of 5 stars","2,288"
"9","Extra Large Laundry Storage Checkered Shopping Bags 3 Pack, (60 x50 x25 cm) Strong and Durable Waterproof Moving Totes Carrying Bag With Zipper, Cloth Storage Handle Attached Reusable Luggage Bags  ","","4.2 out of 5 stars","423"
"10","Ikea STORSTOMMA (FRAKTA) Large 71L Pride Rainbow Reusable Carrier Bags - Set of 2  ","£7.99£7.99","4.4 out of 5 stars","126"
"11","Zuvo Large Handy Storage Bag with Web Handle, Waterproof 600D Oxford Fabric Jumbo Bag 60L | Strong Reusable Bags Perfect for Under bed Storage, Blankets, Duvet, Laundry, Shopping, Moving (1)  ","£14.99£14.99 RRP: £20.00£20.00","4.4 out of 5 stars","1,435"
"12","PUMA Challenger Duffel Bag XS  ","£23.03£23.03 Was: £32.90£32.90","4.4 out of 5 stars","199"
"13","The Drop Women's Melanie Bag  ","£109.99£109.99","4.1 out of 5 stars","320"
"14","LUGG Travel Suitcase Set - Jetset 3-Piece Hard Shell Luggage, 20"" 25"" 29 Strong & Lightweight with Secure TSA Lock, Smooth 360° Wheels, Internal Pockets - Airline Approved  ","£19.70£19.70","4.4 out of 5 stars","617"
"15","SIDORENKO Laptop Computer Shoulder Bag Messenger Bag  ","£39.99£39.99","4.7 out of 5 stars","6,380"
"16","TARION Camera Backpack, Photography Backpack with Large Capacity, Padded Insert, 15'' Laptop Compartment, Professional Waterproof Camera Bag for DSLR SLR Canon Nikon Fuji Sony Cameras (Black)  ","£23.47£23.47 RRP: £31.22£31.22","4.6 out of 5 stars","4,006"
"17","Targus Laptop Backpack, Lightweight with 20L Capacity, Multi-pocket, Padded Compartment Fits Laptops up to 16"" - Black (CN600)  ","£19.99£19.99","4.4 out of 5 stars","585"
"18","Kono Small Canvas Messenger Bag Men Shoulder Bags Travel Organizer Satchel Durable Multi-Pockets Sling Cross Body Bag Pack  ","£14.33£14.33 RRP: £17.04£17.04","4.3 out of 5 stars","3,189"
"19","PUMA  ","£14.86£14.86","4.5 out of 5 stars","836"
"20","Makukke Cord Bag Women's Shoulder Bags with Zip, Shopper Women's Large Tote Bag Handbag Shoulder Bags for Work Office Travel Shopping School and Everyday Use  ","£92.23£92.23","4.7 out of 5 stars","6"
"21","Vita Blake 480 x 380 x 80 mm Strong Expandable Kraft Mailing Bag (KMB1166) Pack of 100  ","","4.8 out of 5 stars","28"
"22","Kids Character White Faux Leather Shoulder Strap Messenger Bag One Size  ","£64.99£64.99","4.4 out of 5 stars","145"
"23","Cressi  ","£26.40£26.40","4.5 out of 5 stars","256"
"24","MegaGear Genuine Leather and Fleece MacBook Bag Laptop Sleeve for MacBook Pro and MacBook Air Case -14 Inch- 13 Inch (M2,M2 Pro,M2 Max,M1) -13.3 Inch-iPad Pro 12.9 Inch-2020,2021,2022 and 2023 Models  ","£9.99£9.99","4.6 out of 5 stars","1,315"
"25","eBuyGB Pack of 10 Natural Cotton Shopping Tote Bags - Shoppers  ","£9.50£9.50 RRP: £12.00£12.00","4.6 out of 5 stars","2,470"
"26","LUGG Travel Suitcase Set - Jetset 3-Piece Hard Shell Luggage, 20"" 25"" 29 Strong & Lightweight with Secure TSA Lock, Smooth 360° Wheels, Internal Pockets - Airline Approved  ","£109.99£109.99","4.4 out of 5 stars","617"
"27","Targus Laptop Backpack, Lightweight with 20L Capacity, Multi-pocket, Padded Compartment Fits Laptops up to 16"" - Black (CN600)  ","£23.47£23.47 RRP: £31.22£31.22","4.6 out of 5 stars","4,006"
"28","Harry Potter Railway-Fashion Backpack  ","RRP: £31.22£31.22","4.5 out of 5 stars","438"
"29","SIDORENKO Laptop Computer Shoulder Bag Messenger Bag  ","£37.45£37.45","4.7 out of 5 stars","1,038"
"30","SIDORENKO Laptop Computer Shoulder Bag Messenger Bag","£19.70£19.70","4.8 out of 5 stars","15,228"
"31","PUMA Women's Evercat Candidate Duffel Bags","£25.31£25.31","4.5 out of 5 stars","950"
"32","Under Armour Unisex UA Undeniable 5.0 Duffle LG Backpack","£11.00£11.00 RRP: £11.99£11.99","4.7 out of 5 stars","4,169"
"33","DEWALT DG5102 Multi-Purpose Zip Bags, 2 Pack, Black","£29.95£29.95 RRP: £45.00£45.00","4.4 out of 5 stars","189"
"34","PUMA Challenger Duffel Bag","£22.34£22.34 Was: £24.95£24.95","4.6 out of 5 stars","1,241"
"35","NIKE","£17.99£17.99 RRP: £26.00£26.00","4.8 out of 5 stars","28"
"36","Kids Character White Faux Leather Shoulder Strap Messenger Bag One Size  ","£28.94£28.94 RRP: £32.99£32.99","4.4 out of 5 stars","145"
"37","Kids Character White Faux Leather Shoulder Strap Messenger Bag One Size","","4.7 out of 5 stars","6,380"
"38","Cressi  ","£64.99£64.99","5.0 out of 5 stars","2"
"39","Cressi","£39.99£39.99","4.4 out of 5 stars","3,290"
"40","TARION Camera Backpack, Photography Backpack with Large Capacity, Padded Insert, 15'' Laptop Compartment, Professional Waterproof Camera Bag for DSLR SLR Canon Nikon Fuji Sony Cameras (Black)  ","","4.4 out of 5 stars","95"
"41","TARION Camera Backpack, Photography Backpack with Large Capacity, Padded Insert, 15'' Laptop Compartment, Professional Waterproof Camera Bag for DSLR SLR Canon Nikon Fuji Sony Cameras (Black)","£37.00£37.00","4.4 out of 5 stars","1,127"
"42","Victorinox 611753 Spectra 3.0 Exp. Global Carry-On Bag Unisex Black  ","","4.5 out of 5 stars","679"
"43","Victorinox 611753 Spectra 3.0 Exp. Global Carry-On Bag Unisex Black","£34.70£34.70","4.7 out of 5 stars","6"
"44","Eastpak Jr Messenger Bag, 33 cm, 11.5 L, Black (Black)  ","","4.5 out of 5 stars","7,904"
"45","Eastpak Jr Messenger Bag, 33 cm, 11.5 L, Black (Black)","£92.23£92.23","4.0 out of 5 stars","14"
"46","Disney Stitch Drawstring Bag Girls PE Kit Gym Bag Boys School Trainer Swim Bag Kids School Backpack  ","£20.00£20.00","4.5 out of 5 stars","256"
"47","Disney Stitch Drawstring Bag Girls PE Kit Gym Bag Boys School Trainer Swim Bag Kids School Backpack","£7.26£7.26","4.4 out of 5 stars","15,875"
"48","Travelon Anti-Theft Heritage Crossbody Bag, Indigo  ","£26.40£26.40","4.6 out of 5 stars","674"
"49","Travelon Anti-Theft Heritage Crossbody Bag, Indigo","£37.16£37.16","4.7 out of 5 stars","22,663"
"50","Bagbase retro Shoulder Bag in Black and White  ","£22.81£22.81 Was: £23.71£23.71","4.4 out of 5 stars","326"
"51","Responsible Owner Dog Poo Bags, 80 Environmentally Friendly, Extra Thick, Super Strong, 100% Biodegradable Dog Bags, With Easy-tie Handles, Leak-proof, Each Dog Poo Bag Measures 17 x 37cm,Earth Green","£4.15£4.15","4.7 out of 5 stars","3,133"
"52","Kipling Synthetic Arto S Crossbody Bags","£43.52£43.52 RRP: £58.00£58.00","4.5 out of 5 stars","248"
"53","Tommee Tippee Baby Sleeping Bag for Newborns, The Original Grobag Swaddle Bag, Hip-Healthy Design, Soft Cotton-Rich Fabric, 0-3m, 2.5 TOG, Sky Grey Marl  ","£19.99£19.99 Was: £21.90£21.90","4.5 out of 5 stars","183"
"54","Tommee Tippee Baby Sleeping Bag for Newborns, The Original Grobag Swaddle Bag, Hip-Healthy Design, Soft Cotton-Rich Fabric, 0-3m, 2.5 TOG, Sky Grey Marl","","4.2 out of 5 stars","25"
"55","Ted Baker Men's Nevver Document Bag, One Size  ","","4.5 out of 5 stars","15"
"56","Ted Baker Men's Nevver Document Bag, One Size","£7.49£7.49 (£0.07£0.07/count)","4.7 out of 5 stars","648"
"57","Joules Coast Softside Collection Unisex Crossbody Bag With Adjustable Straps  ","£33.14£33.14","4.8 out of 5 stars","28"
"58","Joules Coast Softside Collection Unisex Crossbody Bag With Adjustable Straps","","4.4 out of 5 stars","145"
"59","iSOUL Strong Large Grey Mailing Postal Postage Bags 12 x 16"" Packaging Mailers, iSOUL [Use in Parcel, Delivery, Shipping, Mail, Package] [Plastic Envelopes] Baby Pink 100 Pack  ","£4.75£4.75 (£0.10£0.10/count) RRP: £4.99£4.99","4.7 out of 5 stars","6,380"
"60","iSOUL Strong Large Grey Mailing Postal Postage Bags 12 x 16"" Packaging Mailers, iSOUL [Use in Parcel, Delivery, Shipping, Mail, Package] [Plastic Envelopes] Baby Pink 100 Pack","£36.95£36.95 RRP: £38.00£38.00","5.0 out of 5 stars","2"
"61","Kids Character White Faux Leather Shoulder Strap Messenger Bag One Size","£31.00£31.00","4.4 out of 5 stars","12,501"
"62","Cressi","£7.99£7.99 (£1.33£1.33/count)","5.0 out of 5 stars","4"
"63","TARION Camera Backpack, Photography Backpack with Large Capacity, Padded Insert, 15'' Laptop Compartment, Professional Waterproof Camera Bag for DSLR SLR Canon Nikon Fuji Sony Cameras (Black)","£46.52£46.52 RRP: £77.00£77.00","4.6 out of 5 stars","3,168"
"64","Victorinox 611753 Spectra 3.0 Exp. Global Carry-On Bag Unisex Black","","4.5 out of 5 stars","104"
"65","SWTMERRY- Sleeping Bag 3-4 Seasons (Summer, Spring, Fall, Winter) Warm & Cool Weather - Lightweight,Waterproof Indoor & Outdoor Use for Kids, Teens & Adults for Hiking, Backpacking and Camping  ","£39.96£39.96","4.7 out of 5 stars","6"
"66","SWTMERRY- Sleeping Bag 3-4 Seasons (Summer, Spring, Fall, Winter) Warm & Cool Weather - Lightweight,Waterproof Indoor & Outdoor Use for Kids, Teens & Adults for Hiking, Backpacking and Camping","","4.0 out of 5 stars","14"
"67","Michael Kors Cora Medium Signature PVC Zip Pouchette Crossbody Bag Light Cream, Lt Cream Multi, Medium  ","£52.10£52.10 Was: £61.33£61.33","4.5 out of 5 stars","7,904"
"68","Michael Kors Cora Medium Signature PVC Zip Pouchette Crossbody Bag Light Cream, Lt Cream Multi, Medium","£34.51£34.51","4.5 out of 5 stars","256"
"69","Toastabags Standard Roasting Bags, Transparent, 25 x 38 cm, Pack of 50  ","£53.35£53.35","4.6 out of 5 stars","3,799"
"70","Toastabags Standard Roasting Bags, Transparent, 25 x 38 cm, Pack of 50","£126.92£126.92","4.3 out of 5 stars","7,038"
"71","Adidas Tiro Duffle Bag Black/White One Size  ","£96.85£96.85","4.6 out of 5 stars","2,492"
"72","Adidas Tiro Duffle Bag Black/White One Size","£18.00£18.00 RRP: £21.38£21.38","4.8 out of 5 stars","6"
"73","Vita Blake 480 x 380 x 80 mm Strong Expandable Kraft Mailing Bag (KMB1166) Pack of 100","£29.99£29.99","4.5 out of 5 stars","2"
"74","Urban Classics Women's Tb2145 Festival Bag, Boy","£4.89£4.89 (£0.10£0.10/count) RRP: £5.99£5.99","4.5 out of 5 stars","121"
"75","Puma Unisex's teamGOAL 23 Teambag S Sports Bag, Red Black, OSFA","£20.98£20.98","4.5 out of 5 stars","483"
"76","LUGG Travel Suitcase Set - Jetset 3-Piece Hard Shell Luggage, 20"" 25"" 29 Strong & Lightweight with Secure TSA Lock, Smooth 360° Wheels, Internal Pockets - Airline Approved","£109.99£109.99","4.4 out of 5 stars","617"
"77","SIDORENKO Laptop Computer Shoulder Bag Messenger Bag","£19.70£19.70","4.5 out of 5 stars","438"
"78","Harry Potter Railway-Fashion Backpack  ","£37.45£37.45","4.6 out of 5 stars","4,006"
"79","Harry Potter Railway-Fashion Backpack","£23.47£23.47 RRP: £31.22£31.22","4.7 out of 5 stars","6,409"
"80","Targus Laptop Backpack, Lightweight with 20L Capacity, Multi-pocket, Padded Compartment Fits Laptops up to 16"" - Black (CN600)  ","RRP: £31.22£31.22","4.3 out of 5 stars","3"
"81","Targus Laptop Backpack, Lightweight with 20L Capacity, Multi-pocket, Padded Compartment Fits Laptops up to 16"" - Black (CN600)","£5.05£5.05 (£0.04£0.04/count) RRP: £6.29£6.29","4.3 out of 5 stars","28"
"82","Bags On Board Dog Poo Bags | Strong, Leak Proof Dog Waste Bags | Triple Berry Scent | 140 Bags  ","£50.00£50.00","4.3 out of 5 stars","420"
"83","Bags On Board Dog Poo Bags | Strong, Leak Proof Dog Waste Bags | Triple Berry Scent | 140 Bags","","4.6 out of 5 stars","3"
"84","JACLAB Weekend Bag  ","","4.7 out of 5 stars","76"
"85","JACLAB Weekend Bag","£64.99£64.99 RRP: £69.00£69.00","4.8 out of 5 stars","28"
"86","Boys Star Wars Drawstring Gym Bag Darth Vader Storm Trooper Sports Swimming PE Kit Rucksack  ","£11.99£11.99 RRP: £15.99£15.99","4.7 out of 5 stars","6,380"
"87","Boys Star Wars Drawstring Gym Bag Darth Vader Storm Trooper Sports Swimming PE Kit Rucksack","","4.4 out of 5 stars","145"
"88","Longridge 6"" Weekend Stand Bag  ","£39.99£39.99","5.0 out of 5 stars","2"
"89","Longridge 6"" Weekend Stand Bag","£64.99£64.99","4.2 out of 5 stars","13"
"90","HUGO Men's Ethon 2.0n_ns Reporter_with_Zip, 15x5x20 cm  ","","4.7 out of 5 stars","66"
"91","HUGO Men's Ethon 2.0n_ns Reporter_with_Zip, 15x5x20 cm","£66.28£66.28","4.5 out of 5 stars","15"
"92","Maxwell & Williams Pete Cromer Large Tote Bag, Kangaroo Print, 100% Cotton, 42 x 41 cm  ","£33.34£33.34","5.0 out of 5 stars","2"
"93","Maxwell & Williams Pete Cromer Large Tote Bag, Kangaroo Print, 100% Cotton, 42 x 41 cm","£77.00£77.00","4.0 out of 5 stars","14"
"94","Kids Character White Faux Leather Shoulder Strap Messenger Bag One Size  ","£17.99£17.99","4.5 out of 5 stars","256"
"95","Kids Character White Faux Leather Shoulder Strap Messenger Bag One Size","£7.26£7.26","4.7 out of 5 stars","6"
"96","TARION Camera Backpack, Photography Backpack with Large Capacity, Padded Insert, 15'' Laptop Compartment, Professional Waterproof Camera Bag for DSLR SLR Canon Nikon Fuji Sony Cameras (Black)  ","£26.40£26.40","4.5 out of 5 stars","7,904"
"97","TARION Camera Backpack, Photography Backpack with Large Capacity, Padded Insert, 15'' Laptop Compartment, Professional Waterproof Camera Bag for DSLR SLR Canon Nikon Fuji Sony Cameras (Black)","£92.23£92.23","4.3 out of 5 stars","961"
"98","Cressi  ","£20.00£20.00","4.9 out of 5 stars","265"
"99","Cressi","£23.03£23.03 Was: £32.90£32.90","4.5 out of 5 stars","1,568"
"100","Victorinox 611753 Spectra 3.0 Exp. Global Carry-On Bag Unisex Black  ","","4.8 out of 5 stars","2,132"
